year;composer;title;accompaniment;movements;permalink;trebleclef;scope;minSPN;maxSPN;minMIDI;maxMIDI;ambitus;tempo
1725;Platti, Giovanni Benedetto;12 Cello Sonatas (Nr. 10);continuo;4;https://imslp.org/wiki/Special:ReverseLookup/102943;None;1;G2;G4;43;67;24;Largho
1725;Platti, Giovanni Benedetto;12 Cello Sonatas (Nr. 10);continuo;4;https://imslp.org/wiki/Special:ReverseLookup/102943;None;2;Eb2;G4;39;67;28;Allegro
1725;Platti, Giovanni Benedetto;12 Cello Sonatas (Nr. 10);continuo;4;https://imslp.org/wiki/Special:ReverseLookup/102943;None;3;Bb2;F4;46;65;19;Adagio
1725;Platti, Giovanni Benedetto;12 Cello Sonatas (Nr. 10);continuo;4;https://imslp.org/wiki/Special:ReverseLookup/102943;None;4;G2;G4;43;67;24;Presto
1725;Platti, Giovanni Benedetto;12 Cello Sonatas (Nr. 10);continuo;4;https://imslp.org/wiki/Special:ReverseLookup/102943;None;5;Eb2;G4;39;67;28; 
1725;Platti, Giovanni Benedetto;12 Cello Sonatas (Nr. 5);continuo;4;https://imslp.org/wiki/Special:ReverseLookup/102943;None;1;D3;G4;50;67;17;Non tanto adagio
1725;Platti, Giovanni Benedetto;12 Cello Sonatas (Nr. 5);continuo;4;https://imslp.org/wiki/Special:ReverseLookup/102943;None;2;D2;F#4;38;66;28;Fuga
1725;Platti, Giovanni Benedetto;12 Cello Sonatas (Nr. 5);continuo;4;https://imslp.org/wiki/Special:ReverseLookup/102943;None;3;F#2;F#4;42;66;24;Largho
1725;Platti, Giovanni Benedetto;12 Cello Sonatas (Nr. 5);continuo;4;https://imslp.org/wiki/Special:ReverseLookup/102943;None;4;D3;G4;50;67;17;Presto
1725;Platti, Giovanni Benedetto;12 Cello Sonatas (Nr. 5);continuo;4;https://imslp.org/wiki/Special:ReverseLookup/102943;None;5;D2;G4;38;67;29; 
1725;Platti, Giovanni Benedetto;12 Cello Sonatas (Nr. 7);continuo;4;https://imslp.org/wiki/Special:ReverseLookup/102943;None;1;G#2;G4;44;67;23;Adagio
1725;Platti, Giovanni Benedetto;12 Cello Sonatas (Nr. 7);continuo;4;https://imslp.org/wiki/Special:ReverseLookup/102943;None;2;D2;F#4;38;66;28;Allegro
1725;Platti, Giovanni Benedetto;12 Cello Sonatas (Nr. 7);continuo;4;https://imslp.org/wiki/Special:ReverseLookup/102943;None;3;E2;G4;40;67;27;Largho
1725;Platti, Giovanni Benedetto;12 Cello Sonatas (Nr. 7);continuo;4;https://imslp.org/wiki/Special:ReverseLookup/102943;None;4;D2;G4;38;67;29;Presto
1725;Platti, Giovanni Benedetto;12 Cello Sonatas (Nr. 7);continuo;4;https://imslp.org/wiki/Special:ReverseLookup/102943;None;5;D2;G4;38;67;29; 
1730;Vivaldi, Antonio;Cello Sonata in A minor, RV 44;continuo;4;https://imslp.org/wiki/Special:ReverseLookup/569632;None;1;D3;A4;50;69;19;Largo
1730;Vivaldi, Antonio;Cello Sonata in A minor, RV 44;continuo;4;https://imslp.org/wiki/Special:ReverseLookup/569632;None;2;F2;A4;41;69;28;Allegro poco
1730;Vivaldi, Antonio;Cello Sonata in A minor, RV 44;continuo;4;https://imslp.org/wiki/Special:ReverseLookup/569632;None;3;E3;G4;52;67;15;Largo
1730;Vivaldi, Antonio;Cello Sonata in A minor, RV 44;continuo;4;https://imslp.org/wiki/Special:ReverseLookup/569632;None;4;C2;A4;36;69;33;Allegro
1730;Vivaldi, Antonio;Cello Sonata in A minor, RV 44;continuo;4;https://imslp.org/wiki/Special:ReverseLookup/569632;None;5;C2;A4;36;69;33; 
1739;Corrette, Michel;Cello Sonata in F major, Op.20 No.1;continuo;3;https://imslp.org/wiki/Special:ReverseLookup/835250;None;1;F2;G4;41;67;26;Fuga. Allegro
1739;Corrette, Michel;Cello Sonata in F major, Op.20 No.1;continuo;3;https://imslp.org/wiki/Special:ReverseLookup/835250;None;2;C2;G4;36;67;31;Aria. Affettuoso
1739;Corrette, Michel;Cello Sonata in F major, Op.20 No.1;continuo;3;https://imslp.org/wiki/Special:ReverseLookup/835250;None;3;C2;G4;36;67;31;Allegro
1739;Corrette, Michel;Cello Sonata in F major, Op.20 No.1;continuo;3;https://imslp.org/wiki/Special:ReverseLookup/835250;None;4; ; ; ; ; ; 
1739;Corrette, Michel;Cello Sonata in F major, Op.20 No.1;continuo;3;https://imslp.org/wiki/Special:ReverseLookup/835250;None;5;C2;G4;36;67;31; 
1740;Barrière, Jean-Baptiste;6 Cello Sonatas, Livre 4 (Nr. 3);continuo;3;https://imslp.org/wiki/Special:ReverseLookup/298122;None;1;E2;A4;40;69;29;Largo staccato
1740;Barrière, Jean-Baptiste;6 Cello Sonatas, Livre 4 (Nr. 3);continuo;3;https://imslp.org/wiki/Special:ReverseLookup/298122;None;2;D3;A4;50;69;19;Gavotte
1740;Barrière, Jean-Baptiste;6 Cello Sonatas, Livre 4 (Nr. 3);continuo;3;https://imslp.org/wiki/Special:ReverseLookup/298122;None;3;E2;A4;40;69;29;Adagio - Allegro
1740;Barrière, Jean-Baptiste;6 Cello Sonatas, Livre 4 (Nr. 3);continuo;3;https://imslp.org/wiki/Special:ReverseLookup/298122;None;4; ; ; ; ; ; 
1740;Barrière, Jean-Baptiste;6 Cello Sonatas, Livre 4 (Nr. 3);continuo;3;https://imslp.org/wiki/Special:ReverseLookup/298122;None;5;E2;A4;40;69;29; 
1740;Barrière, Jean-Baptiste;6 Cello Sonatas, Livre 4 (Nr. 5);continuo;3;https://imslp.org/wiki/Special:ReverseLookup/298122;None;1;G2;E5;43;76;33;Andante
1740;Barrière, Jean-Baptiste;6 Cello Sonatas, Livre 4 (Nr. 5);continuo;3;https://imslp.org/wiki/Special:ReverseLookup/298122;None;2;C2;A4;36;69;33;Largetto
1740;Barrière, Jean-Baptiste;6 Cello Sonatas, Livre 4 (Nr. 5);continuo;3;https://imslp.org/wiki/Special:ReverseLookup/298122;None;3;A2;A4;45;69;24;Aria Amoroso
1740;Barrière, Jean-Baptiste;6 Cello Sonatas, Livre 4 (Nr. 5);continuo;3;https://imslp.org/wiki/Special:ReverseLookup/298122;None;4; ; ; ; ; ; 
1740;Barrière, Jean-Baptiste;6 Cello Sonatas, Livre 4 (Nr. 5);continuo;3;https://imslp.org/wiki/Special:ReverseLookup/298122;None;5;C2;E5;36;76;40; 
1740;Dall'Abaco, Joseph;12 Cello Sonatas (Nr. 12);continuo;4;https://imslp.org/wiki/Special:ReverseLookup/887248;None;1;F#3;E5;54;76;22;N/A
1740;Dall'Abaco, Joseph;12 Cello Sonatas (Nr. 12);continuo;4;https://imslp.org/wiki/Special:ReverseLookup/887248;None;2;C2;G5;36;79;43;Allegro
1740;Dall'Abaco, Joseph;12 Cello Sonatas (Nr. 12);continuo;4;https://imslp.org/wiki/Special:ReverseLookup/887248;None;3;D3;D5;50;74;24;Larghetto
1740;Dall'Abaco, Joseph;12 Cello Sonatas (Nr. 12);continuo;4;https://imslp.org/wiki/Special:ReverseLookup/887248;None;4;D2;A5;38;81;43;Allegro
1740;Dall'Abaco, Joseph;12 Cello Sonatas (Nr. 12);continuo;4;https://imslp.org/wiki/Special:ReverseLookup/887248;None;5;C2;A5;36;81;45; 
1740;Dall'Abaco, Joseph;12 Cello Sonatas (Nr. 8);continuo;3;https://imslp.org/wiki/Special:ReverseLookup/887248;None;1;F#2;D5;42;74;32;Allegro
1740;Dall'Abaco, Joseph;12 Cello Sonatas (Nr. 8);continuo;3;https://imslp.org/wiki/Special:ReverseLookup/887248;None;2;Eb3;Bb4;51;70;19;Grave
1740;Dall'Abaco, Joseph;12 Cello Sonatas (Nr. 8);continuo;3;https://imslp.org/wiki/Special:ReverseLookup/887248;None;3;F#2;E5;42;76;34;Giga Allegro
1740;Dall'Abaco, Joseph;12 Cello Sonatas (Nr. 8);continuo;3;https://imslp.org/wiki/Special:ReverseLookup/887248;None;4; ; ; ; ; ; 
1740;Dall'Abaco, Joseph;12 Cello Sonatas (Nr. 8);continuo;3;https://imslp.org/wiki/Special:ReverseLookup/887248;None;5;F#2;E5;42;76;34; 
1756;Baur, Jean;6 Cello Sonatas, Op.2 (Nr. 1);continuo;3;https://imslp.org/wiki/Special:ReverseLookup/166650;None;1;D2;A4;38;69;31;Pocco Allegro
1756;Baur, Jean;6 Cello Sonatas, Op.2 (Nr. 1);continuo;3;https://imslp.org/wiki/Special:ReverseLookup/166650;None;2;E3;A4;52;69;17;Cantabile
1756;Baur, Jean;6 Cello Sonatas, Op.2 (Nr. 1);continuo;3;https://imslp.org/wiki/Special:ReverseLookup/166650;None;3;G#2;B4;44;71;27;Minuetti
1756;Baur, Jean;6 Cello Sonatas, Op.2 (Nr. 1);continuo;3;https://imslp.org/wiki/Special:ReverseLookup/166650;None;4; ; ; ; ; ; 
1756;Baur, Jean;6 Cello Sonatas, Op.2 (Nr. 1);continuo;3;https://imslp.org/wiki/Special:ReverseLookup/166650;None;5;D2;B4;38;71;33; 
1760;Chiabrano, Gaspare Giuseppe Gaetano;Cello Sonata No.2 in C major;continuo;3;https://imslp.org/wiki/Special:ReverseLookup/545959;None;1;C2;G4;36;67;31;Allegro
1760;Chiabrano, Gaspare Giuseppe Gaetano;Cello Sonata No.2 in C major;continuo;3;https://imslp.org/wiki/Special:ReverseLookup/545959;None;2;C3;F#4;48;66;18;Largo
1760;Chiabrano, Gaspare Giuseppe Gaetano;Cello Sonata No.2 in C major;continuo;3;https://imslp.org/wiki/Special:ReverseLookup/545959;None;3;C2;G4;36;67;31;Allegro
1760;Chiabrano, Gaspare Giuseppe Gaetano;Cello Sonata No.2 in C major;continuo;3;https://imslp.org/wiki/Special:ReverseLookup/545959;None;4; ; ; ; ; ; 
1760;Chiabrano, Gaspare Giuseppe Gaetano;Cello Sonata No.2 in C major;continuo;3;https://imslp.org/wiki/Special:ReverseLookup/545959;None;5;C2;G4;36;67;31; 
1765;Magito, Alexis;6 Cello Sonatas, Op.1 (Nr. 3);continuo;3;https://imslp.org/wiki/Special:ReverseLookup/641034;None;1;D3;B4;50;71;21;Adagio
1765;Magito, Alexis;6 Cello Sonatas, Op.1 (Nr. 3);continuo;3;https://imslp.org/wiki/Special:ReverseLookup/641034;None;2;D2;B4;38;71;33;Allegro moderato. Andante Piano
1765;Magito, Alexis;6 Cello Sonatas, Op.1 (Nr. 3);continuo;3;https://imslp.org/wiki/Special:ReverseLookup/641034;None;3;A2;G4;45;67;22;Menuetto Primo. Menuetto Piano
1765;Magito, Alexis;6 Cello Sonatas, Op.1 (Nr. 3);continuo;3;https://imslp.org/wiki/Special:ReverseLookup/641034;None;4; ; ; ; ; ; 
1765;Magito, Alexis;6 Cello Sonatas, Op.1 (Nr. 3);continuo;3;https://imslp.org/wiki/Special:ReverseLookup/641034;None;5;D2;B4;38;71;33; 
1766;Boccherini, Luigi;Cello Sonata in G major, G.5;continuo;3;https://imslp.org/wiki/Special:ReverseLookup/68662;None;1;D3;A5;50;81;31;Largo
1766;Boccherini, Luigi;Cello Sonata in G major, G.5;continuo;3;https://imslp.org/wiki/Special:ReverseLookup/68662;None;2;G2;G5;43;79;36;Allegro alla Militaire
1766;Boccherini, Luigi;Cello Sonata in G major, G.5;continuo;3;https://imslp.org/wiki/Special:ReverseLookup/68662;None;3;G2;D5;43;74;31;Menuetto
1766;Boccherini, Luigi;Cello Sonata in G major, G.5;continuo;3;https://imslp.org/wiki/Special:ReverseLookup/68662;None;4; ; ; ; ; ; 
1766;Boccherini, Luigi;Cello Sonata in G major, G.5;continuo;3;https://imslp.org/wiki/Special:ReverseLookup/68662;None;5;G2;A5;43;81;38; 
1770;Avondano, Pedro António;Cello Sonata in B-flat major;continuo;3;https://imslp.org/wiki/Special:ReverseLookup/370519;8vb;1;F2;G5;41;79;38;Andantino
1770;Avondano, Pedro António;Cello Sonata in B-flat major;continuo;3;https://imslp.org/wiki/Special:ReverseLookup/370519;8vb;2;A2;G5;45;79;34;Larghetto
1770;Avondano, Pedro António;Cello Sonata in B-flat major;continuo;3;https://imslp.org/wiki/Special:ReverseLookup/370519;8vb;3;C3;Eb6;48;87;39;Allegretto
1770;Avondano, Pedro António;Cello Sonata in B-flat major;continuo;3;https://imslp.org/wiki/Special:ReverseLookup/370519;8vb;4; ; ; ; ; ; 
1770;Avondano, Pedro António;Cello Sonata in B-flat major;continuo;3;https://imslp.org/wiki/Special:ReverseLookup/370519;8vb;5;F2;Eb6;41;87;46; 
1770;Vandini, Antonio;Cello Sonata in E major, IAV 6;continuo;3;https://imslp.org/wiki/Special:ReverseLookup/391844;8vb;1;F#3;C#5;54;73;19;Grave
1770;Vandini, Antonio;Cello Sonata in E major, IAV 6;continuo;3;https://imslp.org/wiki/Special:ReverseLookup/391844;8vb;2;G#2;E5;44;76;32;Allegro
1770;Vandini, Antonio;Cello Sonata in E major, IAV 6;continuo;3;https://imslp.org/wiki/Special:ReverseLookup/391844;8vb;3;B2;C#5;47;73;26;Allegro
1770;Vandini, Antonio;Cello Sonata in E major, IAV 6;continuo;3;https://imslp.org/wiki/Special:ReverseLookup/391844;8vb;4; ; ; ; ; ; 
1770;Vandini, Antonio;Cello Sonata in E major, IAV 6;continuo;3;https://imslp.org/wiki/Special:ReverseLookup/391844;8vb;5;G#2;E5;44;76;32; 
1783;Kraft, Anton;3 Cello Sonatas, Op.2 (Nr. 2);continuo;3;https://imslp.org/wiki/Special:ReverseLookup/410552;8vb;1;C2;A5;36;81;45;Moderato
1783;Kraft, Anton;3 Cello Sonatas, Op.2 (Nr. 2);continuo;3;https://imslp.org/wiki/Special:ReverseLookup/410552;8vb;2;G2;G5;43;79;36;Adagio
1783;Kraft, Anton;3 Cello Sonatas, Op.2 (Nr. 2);continuo;3;https://imslp.org/wiki/Special:ReverseLookup/410552;8vb;3;C#2;A5;37;81;44;Rondo Finale
1783;Kraft, Anton;3 Cello Sonatas, Op.2 (Nr. 2);continuo;3;https://imslp.org/wiki/Special:ReverseLookup/410552;8vb;4; ; ; ; ; ; 
1783;Kraft, Anton;3 Cello Sonatas, Op.2 (Nr. 2);continuo;3;https://imslp.org/wiki/Special:ReverseLookup/410552;8vb;5;C2;A5;36;81;45; 
1783;Kraft, Anton;3 Cello Sonatas, Op.2 (Nr. 3);continuo;3;https://imslp.org/wiki/Special:ReverseLookup/410552;8vb;1;C2;G5;36;79;43;Moderato brilliante
1783;Kraft, Anton;3 Cello Sonatas, Op.2 (Nr. 3);continuo;3;https://imslp.org/wiki/Special:ReverseLookup/410552;8vb;2;G2;A5;43;81;38;Romanza. Adagio
1783;Kraft, Anton;3 Cello Sonatas, Op.2 (Nr. 3);continuo;3;https://imslp.org/wiki/Special:ReverseLookup/410552;8vb;3;C2;C6;36;84;48;Rondo
1783;Kraft, Anton;3 Cello Sonatas, Op.2 (Nr. 3);continuo;3;https://imslp.org/wiki/Special:ReverseLookup/410552;8vb;4; ; ; ; ; ; 
1783;Kraft, Anton;3 Cello Sonatas, Op.2 (Nr. 3);continuo;3;https://imslp.org/wiki/Special:ReverseLookup/410552;8vb;5;C2;C6;36;84;48; 
1785;Fortia de Piles, Alphonse;3 Cello Sonatas, Op.5 (Nr. 1);continuo;3;https://imslp.org/wiki/Special:ReverseLookup/166664;None;1;G2;A4;43;69;26;Allegro moderato
1785;Fortia de Piles, Alphonse;3 Cello Sonatas, Op.5 (Nr. 1);continuo;3;https://imslp.org/wiki/Special:ReverseLookup/166664;None;2;C3;A4;48;69;21;Andantino
1785;Fortia de Piles, Alphonse;3 Cello Sonatas, Op.5 (Nr. 1);continuo;3;https://imslp.org/wiki/Special:ReverseLookup/166664;None;3;B2;A4;47;69;22;Presto
1785;Fortia de Piles, Alphonse;3 Cello Sonatas, Op.5 (Nr. 1);continuo;3;https://imslp.org/wiki/Special:ReverseLookup/166664;None;4; ; ; ; ; ; 
1785;Fortia de Piles, Alphonse;3 Cello Sonatas, Op.5 (Nr. 1);continuo;3;https://imslp.org/wiki/Special:ReverseLookup/166664;None;5;G2;A4;43;69;26; 
1796;Beethoven, Ludwig van;Cello Sonata No.2, Op.5 No.2;piano;3;https://imslp.org/wiki/Special:ReverseLookup/534372;8vb;1;C2;Bb4;36;70;34;Adagio sostenuto e espressivo
1796;Beethoven, Ludwig van;Cello Sonata No.2, Op.5 No.2;piano;3;https://imslp.org/wiki/Special:ReverseLookup/534372;8vb;2;C2;D5;36;74;38;Allegro molto più tosto presto
1796;Beethoven, Ludwig van;Cello Sonata No.2, Op.5 No.2;piano;3;https://imslp.org/wiki/Special:ReverseLookup/534372;8vb;3;C2;E5;36;76;40;Rondo. Allegro
1796;Beethoven, Ludwig van;Cello Sonata No.2, Op.5 No.2;piano;3;https://imslp.org/wiki/Special:ReverseLookup/534372;8vb;4; ; ; ; ; ; 
1796;Beethoven, Ludwig van;Cello Sonata No.2, Op.5 No.2;piano;3;https://imslp.org/wiki/Special:ReverseLookup/534372;8vb;5;C2;E5;36;76;40; 
1799;Ries, Ferdinand;Cello Sonata, WoO 2;piano;3;https://imslp.org/wiki/Special:ReverseLookup/596525;8vb;1;C2;C5;36;72;36;Grave - Allegro
1799;Ries, Ferdinand;Cello Sonata, WoO 2;piano;3;https://imslp.org/wiki/Special:ReverseLookup/596525;8vb;2;C2;Db5;36;73;37;Adagio
1799;Ries, Ferdinand;Cello Sonata, WoO 2;piano;3;https://imslp.org/wiki/Special:ReverseLookup/596525;8vb;3;C2;B4;36;71;35;Finale. Prestissimo
1799;Ries, Ferdinand;Cello Sonata, WoO 2;piano;3;https://imslp.org/wiki/Special:ReverseLookup/596525;8vb;4; ; ; ; ; ; 
1799;Ries, Ferdinand;Cello Sonata, WoO 2;piano;3;https://imslp.org/wiki/Special:ReverseLookup/596525;8vb;5;C2;Db5;36;73;37; 
1808;Beethoven, Ludwig van;Cello Sonata No.3, Op.69;piano;3;https://imslp.org/wiki/Special:ReverseLookup/314760;Loco;1;C#2;E5;37;76;39;Allegro, ma non tanto
1808;Beethoven, Ludwig van;Cello Sonata No.3, Op.69;piano;3;https://imslp.org/wiki/Special:ReverseLookup/314760;Loco;2;E2;E5;40;76;36;Scherzo. Allegro molto
1808;Beethoven, Ludwig van;Cello Sonata No.3, Op.69;piano;3;https://imslp.org/wiki/Special:ReverseLookup/314760;Loco;3;C2;F#5;36;78;42;Adagio cantabile - Allegro vivace
1808;Beethoven, Ludwig van;Cello Sonata No.3, Op.69;piano;3;https://imslp.org/wiki/Special:ReverseLookup/314760;Loco;4; ; ; ; ; ; 
1808;Beethoven, Ludwig van;Cello Sonata No.3, Op.69;piano;3;https://imslp.org/wiki/Special:ReverseLookup/314760;Loco;5;C2;F#5;36;78;42; 
1808;Ries, Ferdinand;Cello Sonata, Op.20;piano;3;https://imslp.org/wiki/Special:ReverseLookup/450514;8vb;1;C2;D5;36;74;38;Allegro con brio
1808;Ries, Ferdinand;Cello Sonata, Op.20;piano;3;https://imslp.org/wiki/Special:ReverseLookup/450514;8vb;2;C#2;F4;37;65;28;Adagio
1808;Ries, Ferdinand;Cello Sonata, Op.20;piano;3;https://imslp.org/wiki/Special:ReverseLookup/450514;8vb;3;C2;C5;36;72;36;Polonæse. Allegretto moderato
1808;Ries, Ferdinand;Cello Sonata, Op.20;piano;3;https://imslp.org/wiki/Special:ReverseLookup/450514;8vb;4; ; ; ; ; ; 
1808;Ries, Ferdinand;Cello Sonata, Op.20;piano;3;https://imslp.org/wiki/Special:ReverseLookup/450514;8vb;5;C2;D5;36;74;38; 
1808;Ries, Ferdinand;Cello Sonata, Op.21;piano;4;https://imslp.org/wiki/Special:ReverseLookup/450519;8vb;1;C2;D5;36;74;38;Allegro
1808;Ries, Ferdinand;Cello Sonata, Op.21;piano;4;https://imslp.org/wiki/Special:ReverseLookup/450519;8vb;2;C#2;C5;37;72;35;Andante quasi Allegretto (D major)
1808;Ries, Ferdinand;Cello Sonata, Op.21;piano;4;https://imslp.org/wiki/Special:ReverseLookup/450519;8vb;3;C2;E5;36;76;40;Menuetto. Allegretto- Trio
1808;Ries, Ferdinand;Cello Sonata, Op.21;piano;4;https://imslp.org/wiki/Special:ReverseLookup/450519;8vb;4;C2;F5;36;77;41;Rondo. Allegro ma non troppo (A minor)
1808;Ries, Ferdinand;Cello Sonata, Op.21;piano;4;https://imslp.org/wiki/Special:ReverseLookup/450519;8vb;5;C2;F5;36;77;41; 
1815;Beethoven, Ludwig van;Cello Sonata No.4, Op.102 No.1;piano;2;https://imslp.org/wiki/Special:ReverseLookup/314761;Loco;1;C2;F5;36;77;41;Andante - Allegro vivace
1815;Beethoven, Ludwig van;Cello Sonata No.4, Op.102 No.1;piano;2;https://imslp.org/wiki/Special:ReverseLookup/314761;Loco;2;C2;G5;36;79;43;Adagio - Allegro vivace
1815;Beethoven, Ludwig van;Cello Sonata No.4, Op.102 No.1;piano;2;https://imslp.org/wiki/Special:ReverseLookup/314761;Loco;3; ; ; ; ; ; 
1815;Beethoven, Ludwig van;Cello Sonata No.4, Op.102 No.1;piano;2;https://imslp.org/wiki/Special:ReverseLookup/314761;Loco;4; ; ; ; ; ; 
1815;Beethoven, Ludwig van;Cello Sonata No.4, Op.102 No.1;piano;2;https://imslp.org/wiki/Special:ReverseLookup/314761;Loco;5;C2;G5;36;79;43; 
1815;Beethoven, Ludwig van;Cello Sonata No.5, Op.102 No.2;piano;3;https://imslp.org/wiki/Special:ReverseLookup/314762;None;1;C2;B4;36;71;35;Allegro con brio
1815;Beethoven, Ludwig van;Cello Sonata No.5, Op.102 No.2;piano;3;https://imslp.org/wiki/Special:ReverseLookup/314762;None;2;C2;D5;36;74;38;Adagio con molto sentimento d'affetto
1815;Beethoven, Ludwig van;Cello Sonata No.5, Op.102 No.2;piano;3;https://imslp.org/wiki/Special:ReverseLookup/314762;None;3;C#2;C5;37;72;35;Allegro - Allegro fugato
1815;Beethoven, Ludwig van;Cello Sonata No.5, Op.102 No.2;piano;3;https://imslp.org/wiki/Special:ReverseLookup/314762;None;4; ; ; ; ; ; 
1815;Beethoven, Ludwig van;Cello Sonata No.5, Op.102 No.2;piano;3;https://imslp.org/wiki/Special:ReverseLookup/314762;None;5;C2;D5;36;74;38; 
1820;Onslow, George;3 Cello Sonatas, Op.16 (Nr.1);piano;3;https://imslp.org/wiki/Special:ReverseLookup/436040;8vb;1;C2;A5;36;81;45;Allegro
1820;Onslow, George;3 Cello Sonatas, Op.16 (Nr.1);piano;3;https://imslp.org/wiki/Special:ReverseLookup/436040;8vb;2;D2;Eb5;38;75;37;Andante
1820;Onslow, George;3 Cello Sonatas, Op.16 (Nr.1);piano;3;https://imslp.org/wiki/Special:ReverseLookup/436040;8vb;3;C2;Eb5;36;75;39;Finale. Allegretto
1820;Onslow, George;3 Cello Sonatas, Op.16 (Nr.1);piano;3;https://imslp.org/wiki/Special:ReverseLookup/436040;8vb;4; ; ; ; ; ; 
1820;Onslow, George;3 Cello Sonatas, Op.16 (Nr.1);piano;3;https://imslp.org/wiki/Special:ReverseLookup/436040;8vb;5;C2;A5;36;81;45; 
1823;Ries, Ferdinand;Cello Sonata, Op.125;piano;3;https://imslp.org/wiki/Special:ReverseLookup/450681;Loco;1;C2;D5;36;74;38;Grave - Allegro
1823;Ries, Ferdinand;Cello Sonata, Op.125;piano;3;https://imslp.org/wiki/Special:ReverseLookup/450681;Loco;2;C#2;G5;37;79;42;Larghetto con moto
1823;Ries, Ferdinand;Cello Sonata, Op.125;piano;3;https://imslp.org/wiki/Special:ReverseLookup/450681;Loco;3;C2;F5;36;77;41;Rondo. Allegretto
1823;Ries, Ferdinand;Cello Sonata, Op.125;piano;3;https://imslp.org/wiki/Special:ReverseLookup/450681;Loco;4; ; ; ; ; ; 
1823;Ries, Ferdinand;Cello Sonata, Op.125;piano;3;https://imslp.org/wiki/Special:ReverseLookup/450681;Loco;5;C2;G5;36;79;43; 
1824;Hummel, Johann Nepomuk;Cello Sonata in A major, Op. 104;piano;3;https://imslp.org/wiki/Special:ReverseLookup/220555;None;1;C2;E5;36;76;40;Allegro cantabile e grazioso
1824;Hummel, Johann Nepomuk;Cello Sonata in A major, Op. 104;piano;3;https://imslp.org/wiki/Special:ReverseLookup/220555;None;2;C2;C5;36;72;36;Romanza, un poco adagio
1824;Hummel, Johann Nepomuk;Cello Sonata in A major, Op. 104;piano;3;https://imslp.org/wiki/Special:ReverseLookup/220555;None;3;C2;E5;36;76;40;Rondo, allegro vivacetto
1824;Hummel, Johann Nepomuk;Cello Sonata in A major, Op. 104;piano;3;https://imslp.org/wiki/Special:ReverseLookup/220555;None;4; ; ; ; ; ; 
1824;Hummel, Johann Nepomuk;Cello Sonata in A major, Op. 104;piano;3;https://imslp.org/wiki/Special:ReverseLookup/220555;None;5;C2;E5;36;76;40; 
1826;Lachner, Franz Paul;Cello Sonata, Op.14;piano;3;https://imslp.org/wiki/Special:ReverseLookup/113906;Loco;1;B#1;A5;36;81;45;Allegro con brio
1826;Lachner, Franz Paul;Cello Sonata, Op.14;piano;3;https://imslp.org/wiki/Special:ReverseLookup/113906;Loco;2;E2;E5;40;76;36;Scherzo. Allegro assai - Trio
1826;Lachner, Franz Paul;Cello Sonata, Op.14;piano;3;https://imslp.org/wiki/Special:ReverseLookup/113906;Loco;3;C2;A6;36;93;57;Fantasi. Andante maestoso
1826;Lachner, Franz Paul;Cello Sonata, Op.14;piano;3;https://imslp.org/wiki/Special:ReverseLookup/113906;Loco;4; ; ; ; ; ; 
1826;Lachner, Franz Paul;Cello Sonata, Op.14;piano;3;https://imslp.org/wiki/Special:ReverseLookup/113906;Loco;5;B#1;A6;36;93;57; 
1838;Mendelssohn, Felix;Cello Sonata No.1, Op.45;piano;3;https://imslp.org/wiki/Special:ReverseLookup/854096;None;1;C2;D5;36;74;38;Allegro vivace
1838;Mendelssohn, Felix;Cello Sonata No.1, Op.45;piano;3;https://imslp.org/wiki/Special:ReverseLookup/854096;None;2;C2;G4;36;67;31;Andante
1838;Mendelssohn, Felix;Cello Sonata No.1, Op.45;piano;3;https://imslp.org/wiki/Special:ReverseLookup/854096;None;3;C#2;Bb4;37;70;33;Allegro assai
1838;Mendelssohn, Felix;Cello Sonata No.1, Op.45;piano;3;https://imslp.org/wiki/Special:ReverseLookup/854096;None;4; ; ; ; ; ; 
1838;Mendelssohn, Felix;Cello Sonata No.1, Op.45;piano;3;https://imslp.org/wiki/Special:ReverseLookup/854096;None;5;C2;D5;36;74;38; 
1843;Mendelssohn, Felix;Cello Sonata No.2, Op.58;piano;4;https://imslp.org/wiki/Special:ReverseLookup/284216;None;1;C#2;D5;37;74;37;Allegro assai vivace
1843;Mendelssohn, Felix;Cello Sonata No.2, Op.58;piano;4;https://imslp.org/wiki/Special:ReverseLookup/284216;None;2;C#2;B4;37;71;34;Allegretto scherzando
1843;Mendelssohn, Felix;Cello Sonata No.2, Op.58;piano;4;https://imslp.org/wiki/Special:ReverseLookup/284216;None;3;C2;A4;36;69;33;Adagio
1843;Mendelssohn, Felix;Cello Sonata No.2, Op.58;piano;4;https://imslp.org/wiki/Special:ReverseLookup/284216;None;4;C2;F5;36;77;41;Molto allegro e vivace
1843;Mendelssohn, Felix;Cello Sonata No.2, Op.58;piano;4;https://imslp.org/wiki/Special:ReverseLookup/284216;None;5;C2;F5;36;77;41; 
1851;Moscheles, Ignaz;Cello Sonata, Op.121;piano;4;https://imslp.org/wiki/Special:ReverseLookup/95381;Loco;1;C2;E5;36;76;40;Allegro espressivo e appassionato
1851;Moscheles, Ignaz;Cello Sonata, Op.121;piano;4;https://imslp.org/wiki/Special:ReverseLookup/95381;Loco;2;C2;C#5;36;73;37;Scherzo ballabile. Allegretto quasi allegro
1851;Moscheles, Ignaz;Cello Sonata, Op.121;piano;4;https://imslp.org/wiki/Special:ReverseLookup/95381;Loco;3;C2;E5;36;76;40;Ballade (in böhmischer Weise). Andantino
1851;Moscheles, Ignaz;Cello Sonata, Op.121;piano;4;https://imslp.org/wiki/Special:ReverseLookup/95381;Loco;4;C2;F#5;36;78;42;Finale. Allegro vivace ma non troppo
1851;Moscheles, Ignaz;Cello Sonata, Op.121;piano;4;https://imslp.org/wiki/Special:ReverseLookup/95381;Loco;5;C2;F#5;36;78;42; 
1852;Bennett, William Sterndale;Sonata Duo for Piano and Cello, Op.32;piano;3;https://imslp.org/wiki/Special:ReverseLookup/527460;Loco;1;C2;E5;36;76;40;Adagio sostenuto - Allegro giusto
1852;Bennett, William Sterndale;Sonata Duo for Piano and Cello, Op.32;piano;3;https://imslp.org/wiki/Special:ReverseLookup/527460;Loco;2;E2;E5;40;76;36;Minuetto caracteristique
1852;Bennett, William Sterndale;Sonata Duo for Piano and Cello, Op.32;piano;3;https://imslp.org/wiki/Special:ReverseLookup/527460;Loco;3;C#2;E5;37;76;39;Allegretto piacevole, animato
1852;Bennett, William Sterndale;Sonata Duo for Piano and Cello, Op.32;piano;3;https://imslp.org/wiki/Special:ReverseLookup/527460;Loco;4; ; ; ; ; ; 
1852;Bennett, William Sterndale;Sonata Duo for Piano and Cello, Op.32;piano;3;https://imslp.org/wiki/Special:ReverseLookup/527460;Loco;5;C2;E5;36;76;40; 
1858;Farrenc, Louise;Cello Sonata, Op.46;piano;3;https://imslp.org/wiki/Special:ReverseLookup/316592;None;1;C2;D5;36;74;38;Allegro moderato
1858;Farrenc, Louise;Cello Sonata, Op.46;piano;3;https://imslp.org/wiki/Special:ReverseLookup/316592;None;2;Db2;Bb4;37;70;33;Andante sostenuto
1858;Farrenc, Louise;Cello Sonata, Op.46;piano;3;https://imslp.org/wiki/Special:ReverseLookup/316592;None;3;C2;D5;36;74;38;Finale. Allegro
1858;Farrenc, Louise;Cello Sonata, Op.46;piano;3;https://imslp.org/wiki/Special:ReverseLookup/316592;None;4; ; ; ; ; ; 
1858;Farrenc, Louise;Cello Sonata, Op.46;piano;3;https://imslp.org/wiki/Special:ReverseLookup/316592;None;5;C2;D5;36;74;38; 
1859;Macfarren, Walter;Cello Sonata in E minor;piano;3;https://imslp.org/wiki/Special:ReverseLookup/30923;Loco;1;C2;C5;36;72;36;Allegro appassionato
1859;Macfarren, Walter;Cello Sonata in E minor;piano;3;https://imslp.org/wiki/Special:ReverseLookup/30923;Loco;2;D2;A4;38;69;31;Scherzo. Allegretto giocoso
1859;Macfarren, Walter;Cello Sonata in E minor;piano;3;https://imslp.org/wiki/Special:ReverseLookup/30923;Loco;3;C#2;B5;37;83;46;Adagio. Più tosto recitativo
1859;Macfarren, Walter;Cello Sonata in E minor;piano;3;https://imslp.org/wiki/Special:ReverseLookup/30923;Loco;4; ; ; ; ; ; 
1859;Macfarren, Walter;Cello Sonata in E minor;piano;3;https://imslp.org/wiki/Special:ReverseLookup/30923;Loco;5;C2;B5;36;83;47; 
1865;Brahms, Johannes;Cello Sonata No.1, Op.38;piano;3;https://imslp.org/wiki/Special:ReverseLookup/84396;None;1;C2;E5;36;76;40;Allegro non troppo
1865;Brahms, Johannes;Cello Sonata No.1, Op.38;piano;3;https://imslp.org/wiki/Special:ReverseLookup/84396;None;2;C#2;C5;37;72;35;Allegretto quasi Menuetto
1865;Brahms, Johannes;Cello Sonata No.1, Op.38;piano;3;https://imslp.org/wiki/Special:ReverseLookup/84396;None;3;C2;D#5;36;75;39;Allegro
1865;Brahms, Johannes;Cello Sonata No.1, Op.38;piano;3;https://imslp.org/wiki/Special:ReverseLookup/84396;None;4; ; ; ; ; ; 
1865;Brahms, Johannes;Cello Sonata No.1, Op.38;piano;3;https://imslp.org/wiki/Special:ReverseLookup/84396;None;5;C2;E5;36;76;40; 
1866;Reinecke, Carl;Cello Sonata No.2, Op.89;piano;3;https://imslp.org/wiki/Special:ReverseLookup/32736;Loco;1;C2;F#5;36;78;42;Lento - Allegro molto moderato
1866;Reinecke, Carl;Cello Sonata No.2, Op.89;piano;3;https://imslp.org/wiki/Special:ReverseLookup/32736;Loco;2;C#2;B#4;37;72;35;Andante
1866;Reinecke, Carl;Cello Sonata No.2, Op.89;piano;3;https://imslp.org/wiki/Special:ReverseLookup/32736;Loco;3;C2;D5;36;74;38;Finale. Moderato
1866;Reinecke, Carl;Cello Sonata No.2, Op.89;piano;3;https://imslp.org/wiki/Special:ReverseLookup/32736;Loco;4; ; ; ; ; ; 
1866;Reinecke, Carl;Cello Sonata No.2, Op.89;piano;3;https://imslp.org/wiki/Special:ReverseLookup/32736;Loco;5;C2;F#5;36;78;42; 
1872;Saint-Saëns, Camille;Cello Sonata No.1, Op.32;piano;3;https://imslp.org/wiki/Special:ReverseLookup/519333;None;1;C2;C5;36;72;36;Allegro
1872;Saint-Saëns, Camille;Cello Sonata No.1, Op.32;piano;3;https://imslp.org/wiki/Special:ReverseLookup/519333;None;2;C2;Cb5;36;71;35;Andante tranquillo e sostenuto
1872;Saint-Saëns, Camille;Cello Sonata No.1, Op.32;piano;3;https://imslp.org/wiki/Special:ReverseLookup/519333;None;3;C2;Bb4;36;70;34;Allegro moderato
1872;Saint-Saëns, Camille;Cello Sonata No.1, Op.32;piano;3;https://imslp.org/wiki/Special:ReverseLookup/519333;None;4; ; ; ; ; ; 
1872;Saint-Saëns, Camille;Cello Sonata No.1, Op.32;piano;3;https://imslp.org/wiki/Special:ReverseLookup/519333;None;5;C2;C5;36;72;36; 
1879;Lange Jr., Samuel de;Cello Sonata No.1, Op.37;piano;4;https://imslp.org/wiki/Special:ReverseLookup/479982;None;1;C2;D5;36;74;38;Andante sostenuto - Allegro moderato
1879;Lange Jr., Samuel de;Cello Sonata No.1, Op.37;piano;4;https://imslp.org/wiki/Special:ReverseLookup/479982;None;2;C2;C5;36;72;36;Vivo
1879;Lange Jr., Samuel de;Cello Sonata No.1, Op.37;piano;4;https://imslp.org/wiki/Special:ReverseLookup/479982;None;3;D2;A5;38;81;43;Adagio
1879;Lange Jr., Samuel de;Cello Sonata No.1, Op.37;piano;4;https://imslp.org/wiki/Special:ReverseLookup/479982;None;4;C2;E5;36;76;40;Agitato
1879;Lange Jr., Samuel de;Cello Sonata No.1, Op.37;piano;4;https://imslp.org/wiki/Special:ReverseLookup/479982;None;5;C2;A5;36;81;45; 
1879;Wailly, Paul de;Cello Sonata in D major;piano;3;https://imslp.org/wiki/Special:ReverseLookup/558682;Loco;1;D2;A#4;38;70;32;Poco adagio quasi andante
1879;Wailly, Paul de;Cello Sonata in D major;piano;3;https://imslp.org/wiki/Special:ReverseLookup/558682;Loco;2;C#3;Bb4;49;70;21;Tempo di minuetto
1879;Wailly, Paul de;Cello Sonata in D major;piano;3;https://imslp.org/wiki/Special:ReverseLookup/558682;Loco;3;D2;F#5;38;78;40;Allegro
1879;Wailly, Paul de;Cello Sonata in D major;piano;3;https://imslp.org/wiki/Special:ReverseLookup/558682;Loco;4; ; ; ; ; ; 
1879;Wailly, Paul de;Cello Sonata in D major;piano;3;https://imslp.org/wiki/Special:ReverseLookup/558682;Loco;5;D2;F#5;38;78;40; 
1882;Grieg, Edvard;Cello Sonata, Op.36;piano;3;https://imslp.org/wiki/Special:ReverseLookup/521601;Loco;1;C2;G5;36;79;43;Allegro agitato
1882;Grieg, Edvard;Cello Sonata, Op.36;piano;3;https://imslp.org/wiki/Special:ReverseLookup/521601;Loco;2;C2;A5;36;81;45;Andante molto tranquillo
1882;Grieg, Edvard;Cello Sonata, Op.36;piano;3;https://imslp.org/wiki/Special:ReverseLookup/521601;Loco;3;C2;A5;36;81;45;Allegro
1882;Grieg, Edvard;Cello Sonata, Op.36;piano;3;https://imslp.org/wiki/Special:ReverseLookup/521601;Loco;4; ; ; ; ; ; 
1882;Grieg, Edvard;Cello Sonata, Op.36;piano;3;https://imslp.org/wiki/Special:ReverseLookup/521601;Loco;5;C2;A5;36;81;45; 
1888;Glass, Louis;Cello Sonata, Op.5;piano;3;https://imslp.org/wiki/Special:ReverseLookup/23986;Loco;1;C2;Ab5;36;80;44;Allegro con brio
1888;Glass, Louis;Cello Sonata, Op.5;piano;3;https://imslp.org/wiki/Special:ReverseLookup/23986;Loco;2;Db2;Gb5;37;78;41;Andante placido e sostenuto
1888;Glass, Louis;Cello Sonata, Op.5;piano;3;https://imslp.org/wiki/Special:ReverseLookup/23986;Loco;3;C2;F#5;36;78;42;Vivace giocoso
1888;Glass, Louis;Cello Sonata, Op.5;piano;3;https://imslp.org/wiki/Special:ReverseLookup/23986;Loco;4; ; ; ; ; ; 
1888;Glass, Louis;Cello Sonata, Op.5;piano;3;https://imslp.org/wiki/Special:ReverseLookup/23986;Loco;5;C2;Ab5;36;80;44; 
1890;Emmanuel, Maurice;Cello Sonata;piano;3;https://imslp.org/wiki/Special:ReverseLookup/133651;Loco;1;C2;B4;36;71;35;Allegro
1890;Emmanuel, Maurice;Cello Sonata;piano;3;https://imslp.org/wiki/Special:ReverseLookup/133651;Loco;2;E2;F#5;40;78;38;Larghetto
1890;Emmanuel, Maurice;Cello Sonata;piano;3;https://imslp.org/wiki/Special:ReverseLookup/133651;Loco;3;C2;B4;36;71;35;Gigue. Allegro molto
1890;Emmanuel, Maurice;Cello Sonata;piano;3;https://imslp.org/wiki/Special:ReverseLookup/133651;Loco;4; ; ; ; ; ; 
1890;Emmanuel, Maurice;Cello Sonata;piano;3;https://imslp.org/wiki/Special:ReverseLookup/133651;Loco;5;C2;F#5;36;78;42; 
1892;Goldmark, Carl;Cello Sonata, Op. 39;piano;3;https://imslp.org/wiki/Special:ReverseLookup/103682;8vb;1;C2;C#5;36;73;37;Moderato con mosso
1892;Goldmark, Carl;Cello Sonata, Op. 39;piano;3;https://imslp.org/wiki/Special:ReverseLookup/103682;8vb;2;C#2;D5;37;74;37;Andante
1892;Goldmark, Carl;Cello Sonata, Op. 39;piano;3;https://imslp.org/wiki/Special:ReverseLookup/103682;8vb;3;C2;F5;36;77;41;Allegro non troppo
1892;Goldmark, Carl;Cello Sonata, Op. 39;piano;3;https://imslp.org/wiki/Special:ReverseLookup/103682;8vb;4; ; ; ; ; ; 
1892;Goldmark, Carl;Cello Sonata, Op. 39;piano;3;https://imslp.org/wiki/Special:ReverseLookup/103682;8vb;5;C2;F5;36;77;41; 
1895;Peters, Guido;Cello Sonata in F minor;piano;3;https://imslp.org/wiki/Special:ReverseLookup/418026;Loco;1;C2;F5;36;77;41;Molto sostenuto
1895;Peters, Guido;Cello Sonata in F minor;piano;3;https://imslp.org/wiki/Special:ReverseLookup/418026;Loco;2;C2;E5;36;76;40;Scherzo. Allegro ma non troppo
1895;Peters, Guido;Cello Sonata in F minor;piano;3;https://imslp.org/wiki/Special:ReverseLookup/418026;Loco;3;C2;Db6;36;85;49;Allegro energico, poco maestoso
1895;Peters, Guido;Cello Sonata in F minor;piano;3;https://imslp.org/wiki/Special:ReverseLookup/418026;Loco;4; ; ; ; ; ; 
1895;Peters, Guido;Cello Sonata in F minor;piano;3;https://imslp.org/wiki/Special:ReverseLookup/418026;Loco;5;C2;Db6;36;85;49; 
1903;Huré, Jean;Cello Sonata in F-sharp minor;piano;1;https://imslp.org/wiki/Special:ReverseLookup/59809;Loco;1;B#1;C6;36;84;48;Assez lent - Assez vif - Lent
1903;Huré, Jean;Cello Sonata in F-sharp minor;piano;1;https://imslp.org/wiki/Special:ReverseLookup/59809;Loco;2; ; ; ; ; ; 
1903;Huré, Jean;Cello Sonata in F-sharp minor;piano;1;https://imslp.org/wiki/Special:ReverseLookup/59809;Loco;3; ; ; ; ; ; 
1903;Huré, Jean;Cello Sonata in F-sharp minor;piano;1;https://imslp.org/wiki/Special:ReverseLookup/59809;Loco;4; ; ; ; ; ; 
1903;Huré, Jean;Cello Sonata in F-sharp minor;piano;1;https://imslp.org/wiki/Special:ReverseLookup/59809;Loco;5;B#1;C6;36;84;48; 
1904;Reger, Max;Cello Sonata No.3, Op.78;piano;4;https://imslp.org/wiki/Special:ReverseLookup/140060;Loco;1;C2;B5;36;83;47;Allegro con brio
1904;Reger, Max;Cello Sonata No.3, Op.78;piano;4;https://imslp.org/wiki/Special:ReverseLookup/140060;Loco;2;C2;C5;36;72;36;Vivacissimo
1904;Reger, Max;Cello Sonata No.3, Op.78;piano;4;https://imslp.org/wiki/Special:ReverseLookup/140060;Loco;3;C2;A5;36;81;45;Andante con variazioni
1904;Reger, Max;Cello Sonata No.3, Op.78;piano;4;https://imslp.org/wiki/Special:ReverseLookup/140060;Loco;4;C2;A5;36;81;45;Allegro vivace
1904;Reger, Max;Cello Sonata No.3, Op.78;piano;4;https://imslp.org/wiki/Special:ReverseLookup/140060;Loco;5;C2;B5;36;83;47; 
1909;Schäfer, Dirk;Cello Sonata, Op.13;piano;3;https://imslp.org/wiki/Special:ReverseLookup/428927;Loco;1;C2;C6;36;84;48;Allegro con brio
1909;Schäfer, Dirk;Cello Sonata, Op.13;piano;3;https://imslp.org/wiki/Special:ReverseLookup/428927;Loco;2;D2;G5;38;79;41;Adagio, non troppo
1909;Schäfer, Dirk;Cello Sonata, Op.13;piano;3;https://imslp.org/wiki/Special:ReverseLookup/428927;Loco;3;C2;G5;36;79;43;Allegro assai agitato
1909;Schäfer, Dirk;Cello Sonata, Op.13;piano;3;https://imslp.org/wiki/Special:ReverseLookup/428927;Loco;4; ; ; ; ; ; 
1909;Schäfer, Dirk;Cello Sonata, Op.13;piano;3;https://imslp.org/wiki/Special:ReverseLookup/428927;Loco;5;C2;C6;36;84;48; 
1915;Debussy, Claude;Cello Sonata;piano;3;https://imslp.org/wiki/Special:ReverseLookup/917222;Loco;1;C2;A5;36;81;45;Prologue. Lent, sostenuto e molto risoluto
1915;Debussy, Claude;Cello Sonata;piano;3;https://imslp.org/wiki/Special:ReverseLookup/917222;Loco;2;C2;F5;36;77;41;Sérénade. Modérément animé
1915;Debussy, Claude;Cello Sonata;piano;3;https://imslp.org/wiki/Special:ReverseLookup/917222;Loco;3;C2;G5;36;79;43;Finale. Animé, léger et nerveux
1915;Debussy, Claude;Cello Sonata;piano;3;https://imslp.org/wiki/Special:ReverseLookup/917222;Loco;4; ; ; ; ; ; 
1915;Debussy, Claude;Cello Sonata;piano;3;https://imslp.org/wiki/Special:ReverseLookup/917222;Loco;5;C2;A5;36;81;45; 
1917;Boulnois, Joseph;Cello Sonata;piano;4;https://imslp.org/wiki/Special:ReverseLookup/17486;Loco;1;C2;C6;36;84;48;Andante tranquillo - Allegro moderato
1917;Boulnois, Joseph;Cello Sonata;piano;4;https://imslp.org/wiki/Special:ReverseLookup/17486;Loco;2;C2;Bb5;36;82;46;Choral. Andante sostenuto
1917;Boulnois, Joseph;Cello Sonata;piano;4;https://imslp.org/wiki/Special:ReverseLookup/17486;Loco;3;C2;B5;36;83;47;Scherzo. Vivo
1917;Boulnois, Joseph;Cello Sonata;piano;4;https://imslp.org/wiki/Special:ReverseLookup/17486;Loco;4;C2;B5;36;83;47;Finale. Allegro deciso
1917;Boulnois, Joseph;Cello Sonata;piano;4;https://imslp.org/wiki/Special:ReverseLookup/17486;Loco;5;C2;C6;36;84;48; 
1920;Ornstein, Leo;Cello Sonata No.2, SO 613;piano;1;https://imslp.org/wiki/Special:ReverseLookup/12477;Loco;1;D#2;C6;39;84;45;N/A
1920;Ornstein, Leo;Cello Sonata No.2, SO 613;piano;1;https://imslp.org/wiki/Special:ReverseLookup/12477;Loco;2; ; ; ; ; ; 
1920;Ornstein, Leo;Cello Sonata No.2, SO 613;piano;1;https://imslp.org/wiki/Special:ReverseLookup/12477;Loco;3; ; ; ; ; ; 
1920;Ornstein, Leo;Cello Sonata No.2, SO 613;piano;1;https://imslp.org/wiki/Special:ReverseLookup/12477;Loco;4; ; ; ; ; ; 
1920;Ornstein, Leo;Cello Sonata No.2, SO 613;piano;1;https://imslp.org/wiki/Special:ReverseLookup/12477;Loco;5;D#2;C6;39;84;45; 
1923;Bax, Arnold;Cello Sonata, GP 265;piano;3;https://imslp.org/wiki/Special:ReverseLookup/991623;Loco;1;C2;C6;36;84;48;Moderato. Tempo vaccilando
1923;Bax, Arnold;Cello Sonata, GP 265;piano;3;https://imslp.org/wiki/Special:ReverseLookup/991623;Loco;2;C2;E5;36;76;40;Poco lento
1923;Bax, Arnold;Cello Sonata, GP 265;piano;3;https://imslp.org/wiki/Special:ReverseLookup/991623;Loco;3;C2;A5;36;81;45;Molto vivace ma non troppo allegro
1923;Bax, Arnold;Cello Sonata, GP 265;piano;3;https://imslp.org/wiki/Special:ReverseLookup/991623;Loco;4; ; ; ; ; ; 
1923;Bax, Arnold;Cello Sonata, GP 265;piano;3;https://imslp.org/wiki/Special:ReverseLookup/991623;Loco;5;C2;C6;36;84;48; 
1930;Kochurov, Yury;Cello Sonata, Op. 1;piano;3;https://imslp.org/wiki/Special:ReverseLookup/580765;Loco;1;C2;F6;36;89;53;Risoluto
1930;Kochurov, Yury;Cello Sonata, Op. 1;piano;3;https://imslp.org/wiki/Special:ReverseLookup/580765;Loco;2;C2;A5;36;81;45;Adagio
1930;Kochurov, Yury;Cello Sonata, Op. 1;piano;3;https://imslp.org/wiki/Special:ReverseLookup/580765;Loco;3;C2;B5;36;83;47;Allegro ma non troppo
1930;Kochurov, Yury;Cello Sonata, Op. 1;piano;3;https://imslp.org/wiki/Special:ReverseLookup/580765;Loco;4; ; ; ; ; ; 
1930;Kochurov, Yury;Cello Sonata, Op. 1;piano;3;https://imslp.org/wiki/Special:ReverseLookup/580765;Loco;5;C2;F6;36;89;53; 
1932;Ferroud, Pierre-Octave;Cello Sonata in A;piano;3;https://imslp.org/wiki/Special:ReverseLookup/17452;None;1;C2;A5;36;81;45;Capriccio
1932;Ferroud, Pierre-Octave;Cello Sonata in A;piano;3;https://imslp.org/wiki/Special:ReverseLookup/17452;None;2;C2;D5;36;74;38;Intermezzo
1932;Ferroud, Pierre-Octave;Cello Sonata in A;piano;3;https://imslp.org/wiki/Special:ReverseLookup/17452;None;3;C2;C#5;36;73;37;Rondo
1932;Ferroud, Pierre-Octave;Cello Sonata in A;piano;3;https://imslp.org/wiki/Special:ReverseLookup/17452;None;4; ; ; ; ; ; 
1932;Ferroud, Pierre-Octave;Cello Sonata in A;piano;3;https://imslp.org/wiki/Special:ReverseLookup/17452;None;5;C2;A5;36;81;45; 
1938;Wehrli, Werner;Cello Sonata, Op. 47;piano;3;https://imslp.org/wiki/Special:ReverseLookup/484537;None;1;C#2;D5;37;74;37;Moderato
1938;Wehrli, Werner;Cello Sonata, Op. 47;piano;3;https://imslp.org/wiki/Special:ReverseLookup/484537;None;2;C#2;D5;37;74;37;Ritornell. Adagio molto espressivo, quasi una fantasia
1938;Wehrli, Werner;Cello Sonata, Op. 47;piano;3;https://imslp.org/wiki/Special:ReverseLookup/484537;None;3;C2;C5;36;72;36;Finale. Allegro giocoso
1938;Wehrli, Werner;Cello Sonata, Op. 47;piano;3;https://imslp.org/wiki/Special:ReverseLookup/484537;None;4; ; ; ; ; ; 
1938;Wehrli, Werner;Cello Sonata, Op. 47;piano;3;https://imslp.org/wiki/Special:ReverseLookup/484537;None;5;C2;D5;36;74;38; 
